{
    "constraint_len_per_node": 194.82420523100782,
    "constraint_num_per_node": 2.2405109972199635,
    "total_constraint_len": 20603439,
    "total_constraint_number": 236943,
    "total_node_number": 105754
}